<?xml version="1.0"?>
<BMGDb><Exec_oper_92010 Exec_oper="92010" No_of_params="1"><PARAM0 Paramid="0">3214</PARAM0></Exec_oper_92010><OM_Tbl_92020 TblName="OMTBLDEF"><NEW_ROW><DETAILS_DEF_TABLE_ID TypeId="1" IsKey="">0</DETAILS_DEF_TABLE_ID><INPUT_TYPE_ID_D TypeId="1" IsKey="">321402</INPUT_TYPE_ID_D><INPUT_TYPE_ID_G TypeId="1" IsKey="">321401</INPUT_TYPE_ID_G><KINDID TypeId="1" IsKey="">0</KINDID><TBD_DESIGN_GRP TypeId="1" IsKey="">0</TBD_DESIGN_GRP><TBD_RT_ADD_GRP TypeId="1" IsKey="">0</TBD_RT_ADD_GRP><TBD_RT_DELETE_GRP TypeId="1" IsKey="">0</TBD_RT_DELETE_GRP><TBD_RT_MODIFY_GRP TypeId="1" IsKey="">0</TBD_RT_MODIFY_GRP><TBD_RT_VIEW_GRP TypeId="1" IsKey="">0</TBD_RT_VIEW_GRP><TBL_REFRESH_RATE TypeId="1" IsKey="">0</TBL_REFRESH_RATE><OBJECTTYPE TypeId="1" IsKey="">3214</OBJECTTYPE><TABLEID TypeId="1" IsKey="T">3214</TABLEID><TABLENAME TypeId="4" IsKey=""></TABLENAME><TABLETYPE TypeId="4" IsKey="">Tran Table</TABLETYPE><SYSTEN_USER TypeId="4" IsKey=""></SYSTEN_USER><TABLEDESCRIPTION TypeId="4" IsKey="">סוגי יציקות</TABLEDESCRIPTION><TBL_SQL TypeId="4" IsKey=""></TBL_SQL><LANG_DIRECTION TypeId="4" IsKey=""></LANG_DIRECTION><LIVE_SQL TypeId="4" IsKey=""></LIVE_SQL><OBJECT_BRANCH_FIELD TypeId="4" IsKey=""></OBJECT_BRANCH_FIELD><OBJECT_NUMBER_FIELD TypeId="4" IsKey=""></OBJECT_NUMBER_FIELD></NEW_ROW><OM_Tbl_92024 TblName="OMKNFLDDEF"><NEW_ROW><DATAHEIGHT TypeId="1" IsKey="">0</DATAHEIGHT><DATALEFT TypeId="1" IsKey="">0</DATALEFT><DATATOP TypeId="1" IsKey="">0</DATATOP><DATAWIDTH TypeId="1" IsKey="">0</DATAWIDTH><COLOR_TBL TypeId="1" IsKey="">0</COLOR_TBL><COUNTER_TYPE TypeId="1" IsKey="">0</COUNTER_TYPE><DATACFONT TypeId="1" IsKey="">0</DATACFONT><FIELDID TypeId="1" IsKey="T">-3</FIELDID><HELPCONTEXT TypeId="1" IsKey="">0</HELPCONTEXT><FIELDTYPEID TypeId="1" IsKey="">30</FIELDTYPEID><GRIDP TypeId="1" IsKey="">4</GRIDP><KINDID TypeId="1" IsKey="T">-3214</KINDID><LABELCFONT TypeId="1" IsKey="">0</LABELCFONT><LABELHEIGHT TypeId="1" IsKey="">0</LABELHEIGHT><LABELLEFT TypeId="1" IsKey="">0</LABELLEFT><LABELTOP TypeId="1" IsKey="">0</LABELTOP><LABELWIDTH TypeId="1" IsKey="">0</LABELWIDTH><REPORTP TypeId="1" IsKey="">0</REPORTP><SELECTCFONT TypeId="1" IsKey=""></SELECTCFONT><SELECTCLABELFONT TypeId="1" IsKey="">0</SELECTCLABELFONT><SELECTGRIDP TypeId="1" IsKey="">0</SELECTGRIDP><SELECTHEIGHT TypeId="1" IsKey="">0</SELECTHEIGHT><SELECTID TypeId="1" IsKey="">0</SELECTID><SELECTLABELHEIGHT TypeId="1" IsKey="">0</SELECTLABELHEIGHT><SELECTLABELLEFT TypeId="1" IsKey="">0</SELECTLABELLEFT><SELECTLABELTOP TypeId="1" IsKey="">0</SELECTLABELTOP><SELECTLABELWIDTH TypeId="1" IsKey="">0</SELECTLABELWIDTH><SELECTLEFT TypeId="1" IsKey="">0</SELECTLEFT><SELECTREPORTP TypeId="1" IsKey="">0</SELECTREPORTP><SELECTSIZE TypeId="1" IsKey="">0</SELECTSIZE><SELECTTOP TypeId="1" IsKey="">0</SELECTTOP><SELECTWIDTH TypeId="1" IsKey="">0</SELECTWIDTH><OMDATA_FROM TypeId="1" IsKey="">20</OMDATA_FROM><OMDATA_SIZE TypeId="1" IsKey="">10</OMDATA_SIZE><PICTURE TypeId="4" IsKey=""></PICTURE><TRUEVALUE TypeId="4" IsKey=""></TRUEVALUE><VISIBLE_RIGHT TypeId="4" IsKey=""></VISIBLE_RIGHT><SELECTLABELFONT TypeId="4" IsKey=""></SELECTLABELFONT><SELECTFIELDDISPLAYLABEL TypeId="4" IsKey=""></SELECTFIELDDISPLAYLABEL><SELECTFIELDNAME TypeId="4" IsKey=""></SELECTFIELDNAME><SELECTFONT TypeId="4" IsKey=""></SELECTFONT><LOOKUP_SQL_1 TypeId="4" IsKey=""></LOOKUP_SQL_1><LOOKUP_SQL_2 TypeId="4" IsKey=""></LOOKUP_SQL_2><LOOKUP_STR_CODE TypeId="4" IsKey=""></LOOKUP_STR_CODE><LOOKUPBYFIELD TypeId="4" IsKey=""></LOOKUPBYFIELD><LOOKUPRESULTBYFIELD TypeId="4" IsKey=""></LOOKUPRESULTBYFIELD><LABELFONT TypeId="4" IsKey=""></LABELFONT><HEBREW_ENABLED TypeId="4" IsKey=""></HEBREW_ENABLED><HELPHEADER TypeId="4" IsKey=""></HELPHEADER><HINT TypeId="4" IsKey=""></HINT><IS_KEY TypeId="4" IsKey=""></IS_KEY><FIELDNAME TypeId="4" IsKey="">Color</FIELDNAME><BEHAVE TypeId="4" IsKey=""></BEHAVE><COLOR_FLD TypeId="4" IsKey=""></COLOR_FLD><DATAFONT TypeId="4" IsKey=""></DATAFONT><DEFAULT_VALUE TypeId="4" IsKey=""></DEFAULT_VALUE><ENABLE_RIGHT TypeId="4" IsKey=""></ENABLE_RIGHT><ENABLEHINT TypeId="4" IsKey=""></ENABLEHINT><FALSEVALUE TypeId="4" IsKey=""></FALSEVALUE><FIELDDISPLAYLABEL TypeId="4" IsKey="">צבעים</FIELDDISPLAYLABEL></NEW_ROW><NEW_ROW><DATAHEIGHT TypeId="1" IsKey="">0</DATAHEIGHT><DATALEFT TypeId="1" IsKey="">0</DATALEFT><DATATOP TypeId="1" IsKey="">0</DATATOP><DATAWIDTH TypeId="1" IsKey="">0</DATAWIDTH><COLOR_TBL TypeId="1" IsKey="">0</COLOR_TBL><COUNTER_TYPE TypeId="1" IsKey="">0</COUNTER_TYPE><DATACFONT TypeId="1" IsKey="">0</DATACFONT><FIELDID TypeId="1" IsKey="T">-2</FIELDID><HELPCONTEXT TypeId="1" IsKey="">0</HELPCONTEXT><FIELDTYPEID TypeId="1" IsKey="">1</FIELDTYPEID><GRIDP TypeId="1" IsKey="">3</GRIDP><KINDID TypeId="1" IsKey="T">-3214</KINDID><LABELCFONT TypeId="1" IsKey="">0</LABELCFONT><LABELHEIGHT TypeId="1" IsKey="">0</LABELHEIGHT><LABELLEFT TypeId="1" IsKey="">0</LABELLEFT><LABELTOP TypeId="1" IsKey="">0</LABELTOP><LABELWIDTH TypeId="1" IsKey="">0</LABELWIDTH><REPORTP TypeId="1" IsKey="">0</REPORTP><SELECTCFONT TypeId="1" IsKey=""></SELECTCFONT><SELECTCLABELFONT TypeId="1" IsKey="">0</SELECTCLABELFONT><SELECTGRIDP TypeId="1" IsKey="">0</SELECTGRIDP><SELECTHEIGHT TypeId="1" IsKey="">0</SELECTHEIGHT><SELECTID TypeId="1" IsKey="">0</SELECTID><SELECTLABELHEIGHT TypeId="1" IsKey="">0</SELECTLABELHEIGHT><SELECTLABELLEFT TypeId="1" IsKey="">0</SELECTLABELLEFT><SELECTLABELTOP TypeId="1" IsKey="">0</SELECTLABELTOP><SELECTLABELWIDTH TypeId="1" IsKey="">0</SELECTLABELWIDTH><SELECTLEFT TypeId="1" IsKey="">0</SELECTLEFT><SELECTREPORTP TypeId="1" IsKey="">0</SELECTREPORTP><SELECTSIZE TypeId="1" IsKey="">0</SELECTSIZE><SELECTTOP TypeId="1" IsKey="">0</SELECTTOP><SELECTWIDTH TypeId="1" IsKey="">0</SELECTWIDTH><OMDATA_FROM TypeId="1" IsKey="">11</OMDATA_FROM><OMDATA_SIZE TypeId="1" IsKey="">10</OMDATA_SIZE><PICTURE TypeId="4" IsKey=""></PICTURE><TRUEVALUE TypeId="4" IsKey=""></TRUEVALUE><VISIBLE_RIGHT TypeId="4" IsKey=""></VISIBLE_RIGHT><SELECTLABELFONT TypeId="4" IsKey=""></SELECTLABELFONT><SELECTFIELDDISPLAYLABEL TypeId="4" IsKey=""></SELECTFIELDDISPLAYLABEL><SELECTFIELDNAME TypeId="4" IsKey=""></SELECTFIELDNAME><SELECTFONT TypeId="4" IsKey=""></SELECTFONT><LOOKUP_SQL_1 TypeId="4" IsKey=""></LOOKUP_SQL_1><LOOKUP_SQL_2 TypeId="4" IsKey=""></LOOKUP_SQL_2><LOOKUP_STR_CODE TypeId="4" IsKey=""></LOOKUP_STR_CODE><LOOKUPBYFIELD TypeId="4" IsKey=""></LOOKUPBYFIELD><LOOKUPRESULTBYFIELD TypeId="4" IsKey=""></LOOKUPRESULTBYFIELD><LABELFONT TypeId="4" IsKey=""></LABELFONT><HEBREW_ENABLED TypeId="4" IsKey=""></HEBREW_ENABLED><HELPHEADER TypeId="4" IsKey=""></HELPHEADER><HINT TypeId="4" IsKey=""></HINT><IS_KEY TypeId="4" IsKey=""></IS_KEY><FIELDNAME TypeId="4" IsKey="">UNIT_POURING_TIME</FIELDNAME><BEHAVE TypeId="4" IsKey=""></BEHAVE><COLOR_FLD TypeId="4" IsKey=""></COLOR_FLD><DATAFONT TypeId="4" IsKey=""></DATAFONT><DEFAULT_VALUE TypeId="4" IsKey=""></DEFAULT_VALUE><ENABLE_RIGHT TypeId="4" IsKey=""></ENABLE_RIGHT><ENABLEHINT TypeId="4" IsKey=""></ENABLEHINT><FALSEVALUE TypeId="4" IsKey=""></FALSEVALUE><FIELDDISPLAYLABEL TypeId="4" IsKey="">UNIT_POURING_TIME</FIELDDISPLAYLABEL></NEW_ROW><NEW_ROW><DATAHEIGHT TypeId="1" IsKey="">0</DATAHEIGHT><DATALEFT TypeId="1" IsKey="">0</DATALEFT><DATATOP TypeId="1" IsKey="">0</DATATOP><DATAWIDTH TypeId="1" IsKey="">0</DATAWIDTH><COLOR_TBL TypeId="1" IsKey="">0</COLOR_TBL><COUNTER_TYPE TypeId="1" IsKey="">0</COUNTER_TYPE><DATACFONT TypeId="1" IsKey="">0</DATACFONT><FIELDID TypeId="1" IsKey="T">-1</FIELDID><HELPCONTEXT TypeId="1" IsKey="">0</HELPCONTEXT><FIELDTYPEID TypeId="1" IsKey="">1</FIELDTYPEID><GRIDP TypeId="1" IsKey="">2</GRIDP><KINDID TypeId="1" IsKey="T">-3214</KINDID><LABELCFONT TypeId="1" IsKey="">0</LABELCFONT><LABELHEIGHT TypeId="1" IsKey="">0</LABELHEIGHT><LABELLEFT TypeId="1" IsKey="">0</LABELLEFT><LABELTOP TypeId="1" IsKey="">0</LABELTOP><LABELWIDTH TypeId="1" IsKey="">0</LABELWIDTH><REPORTP TypeId="1" IsKey="">0</REPORTP><SELECTCFONT TypeId="1" IsKey=""></SELECTCFONT><SELECTCLABELFONT TypeId="1" IsKey="">0</SELECTCLABELFONT><SELECTGRIDP TypeId="1" IsKey="">0</SELECTGRIDP><SELECTHEIGHT TypeId="1" IsKey="">0</SELECTHEIGHT><SELECTID TypeId="1" IsKey="">0</SELECTID><SELECTLABELHEIGHT TypeId="1" IsKey="">0</SELECTLABELHEIGHT><SELECTLABELLEFT TypeId="1" IsKey="">0</SELECTLABELLEFT><SELECTLABELTOP TypeId="1" IsKey="">0</SELECTLABELTOP><SELECTLABELWIDTH TypeId="1" IsKey="">0</SELECTLABELWIDTH><SELECTLEFT TypeId="1" IsKey="">0</SELECTLEFT><SELECTREPORTP TypeId="1" IsKey="">0</SELECTREPORTP><SELECTSIZE TypeId="1" IsKey="">0</SELECTSIZE><SELECTTOP TypeId="1" IsKey="">0</SELECTTOP><SELECTWIDTH TypeId="1" IsKey="">0</SELECTWIDTH><OMDATA_FROM TypeId="1" IsKey="">1</OMDATA_FROM><OMDATA_SIZE TypeId="1" IsKey="">10</OMDATA_SIZE><PICTURE TypeId="4" IsKey=""></PICTURE><TRUEVALUE TypeId="4" IsKey=""></TRUEVALUE><VISIBLE_RIGHT TypeId="4" IsKey=""></VISIBLE_RIGHT><SELECTLABELFONT TypeId="4" IsKey=""></SELECTLABELFONT><SELECTFIELDDISPLAYLABEL TypeId="4" IsKey=""></SELECTFIELDDISPLAYLABEL><SELECTFIELDNAME TypeId="4" IsKey=""></SELECTFIELDNAME><SELECTFONT TypeId="4" IsKey=""></SELECTFONT><LOOKUP_SQL_1 TypeId="4" IsKey=""></LOOKUP_SQL_1><LOOKUP_SQL_2 TypeId="4" IsKey=""></LOOKUP_SQL_2><LOOKUP_STR_CODE TypeId="4" IsKey=""></LOOKUP_STR_CODE><LOOKUPBYFIELD TypeId="4" IsKey=""></LOOKUPBYFIELD><LOOKUPRESULTBYFIELD TypeId="4" IsKey=""></LOOKUPRESULTBYFIELD><LABELFONT TypeId="4" IsKey=""></LABELFONT><HEBREW_ENABLED TypeId="4" IsKey=""></HEBREW_ENABLED><HELPHEADER TypeId="4" IsKey=""></HELPHEADER><HINT TypeId="4" IsKey=""></HINT><IS_KEY TypeId="4" IsKey=""></IS_KEY><FIELDNAME TypeId="4" IsKey="">SETUP_TIME</FIELDNAME><BEHAVE TypeId="4" IsKey=""></BEHAVE><COLOR_FLD TypeId="4" IsKey=""></COLOR_FLD><DATAFONT TypeId="4" IsKey=""></DATAFONT><DEFAULT_VALUE TypeId="4" IsKey=""></DEFAULT_VALUE><ENABLE_RIGHT TypeId="4" IsKey=""></ENABLE_RIGHT><ENABLEHINT TypeId="4" IsKey=""></ENABLEHINT><FALSEVALUE TypeId="4" IsKey=""></FALSEVALUE><FIELDDISPLAYLABEL TypeId="4" IsKey="">SETUP_TIME</FIELDDISPLAYLABEL></NEW_ROW></OM_Tbl_92024><OM_Tbl_92023 TblName="OMKIND"><NEW_ROW><ADDDATAPANELCOLOR TypeId="1" IsKey="">12180735</ADDDATAPANELCOLOR><ADDDATAPANELHEIGHT TypeId="1" IsKey="">150</ADDDATAPANELHEIGHT><ADDDATAPANELLEFT TypeId="1" IsKey="">0</ADDDATAPANELLEFT><ADDDATAPANELTOP TypeId="1" IsKey="">99999</ADDDATAPANELTOP><ADDDATAPANELWIDTH TypeId="1" IsKey="">0</ADDDATAPANELWIDTH><CODECFONT TypeId="1" IsKey="">4</CODECFONT><CODECLABELFONT TypeId="1" IsKey="">0</CODECLABELFONT><CODELABELHEIGHT TypeId="1" IsKey="">21</CODELABELHEIGHT><CODELABELLEFT TypeId="1" IsKey="">10</CODELABELLEFT><CODELABELTOP TypeId="1" IsKey="">10</CODELABELTOP><CODELABELWIDTH TypeId="1" IsKey="">121</CODELABELWIDTH><CODELEFT TypeId="1" IsKey="">141</CODELEFT><CODEREPORTP TypeId="1" IsKey=""></CODEREPORTP><CODETOP TypeId="1" IsKey="">10</CODETOP><CODEWIDTH TypeId="1" IsKey="">74</CODEWIDTH><DESCLABELHEIGHT TypeId="1" IsKey="">121</DESCLABELHEIGHT><DESCLABELLEFT TypeId="1" IsKey="">10</DESCLABELLEFT><DESCLABELTOP TypeId="1" IsKey="">41</DESCLABELTOP><DESCLABELWIDTH TypeId="1" IsKey="">121</DESCLABELWIDTH><DESCRIPTIONCFONT TypeId="1" IsKey="">1</DESCRIPTIONCFONT><DESCRIPTIONCLABELFONT TypeId="1" IsKey="">0</DESCRIPTIONCLABELFONT><CODEGREEDP TypeId="1" IsKey="">1</CODEGREEDP><CODEHANDLING TypeId="1" IsKey=""></CODEHANDLING><CODEHEIGHT TypeId="1" IsKey="">21</CODEHEIGHT><DESCRIPTIONLEFT TypeId="1" IsKey="">141</DESCRIPTIONLEFT><DESCRIPTIONREPORTP TypeId="1" IsKey=""></DESCRIPTIONREPORTP><DESCRIPTIONTOP TypeId="1" IsKey="">41</DESCRIPTIONTOP><DESCRIPTIONWIDTH TypeId="1" IsKey="">182</DESCRIPTIONWIDTH><FORMCOLOR TypeId="1" IsKey="">16777215</FORMCOLOR><FORMHEIGHT TypeId="1" IsKey="">0</FORMHEIGHT><FORMLEFT TypeId="1" IsKey="">0</FORMLEFT><FORMTOP TypeId="1" IsKey="">0</FORMTOP><FORMWIDTH TypeId="1" IsKey="">0</FORMWIDTH><GRD_COLOR_TBL TypeId="1" IsKey="">0</GRD_COLOR_TBL><GRD_PANEL_HEIGHT TypeId="1" IsKey="">0</GRD_PANEL_HEIGHT><GRIDHEIGHT TypeId="1" IsKey="">0</GRIDHEIGHT><GRIDLEFT TypeId="1" IsKey="">0</GRIDLEFT><GRIDTOP TypeId="1" IsKey="">0</GRIDTOP><GRIDWIDTH TypeId="1" IsKey="">0</GRIDWIDTH><DESCRIPTIONGREEDP TypeId="1" IsKey="">2</DESCRIPTIONGREEDP><DESCRIPTIONHEIGHT TypeId="1" IsKey="">21</DESCRIPTIONHEIGHT><HELPCONTEXT TypeId="1" IsKey=""></HELPCONTEXT><KINDID TypeId="1" IsKey="T">321401</KINDID><SELECTMAXIMIZED TypeId="4" IsKey=""></SELECTMAXIMIZED><SORTFIELDNAME TypeId="4" IsKey=""></SORTFIELDNAME><SYSTEM_USER_A TypeId="4" IsKey=""></SYSTEM_USER_A><INDEXNAME TypeId="4" IsKey=""></INDEXNAME><KINDDESCRIPTION TypeId="4" IsKey="">Input Type No 321401</KINDDESCRIPTION><DESCRIPTIONLABELFONT TypeId="4" IsKey=""></DESCRIPTIONLABELFONT><HEBREW_ENABLED TypeId="4" IsKey=""></HEBREW_ENABLED><FULLMAXIMIZED TypeId="4" IsKey=""></FULLMAXIMIZED><GRD_COLOR_FLD TypeId="4" IsKey=""></GRD_COLOR_FLD><CODELABELFONT TypeId="4" IsKey=""></CODELABELFONT><DESCRIPTIONFONT TypeId="4" IsKey=""></DESCRIPTIONFONT><CODEFIELDNAME TypeId="4" IsKey=""></CODEFIELDNAME><CODEFONT TypeId="4" IsKey=""></CODEFONT></NEW_ROW><OM_Tbl_92024 TblName="OMKNFLDDEF"><NEW_ROW><DATAHEIGHT TypeId="1" IsKey="">0</DATAHEIGHT><DATALEFT TypeId="1" IsKey="">0</DATALEFT><DATATOP TypeId="1" IsKey="">0</DATATOP><DATAWIDTH TypeId="1" IsKey="">74</DATAWIDTH><COLOR_TBL TypeId="1" IsKey="">0</COLOR_TBL><COUNTER_TYPE TypeId="1" IsKey="">0</COUNTER_TYPE><DATACFONT TypeId="1" IsKey="">0</DATACFONT><FIELDID TypeId="1" IsKey="T">1</FIELDID><HELPCONTEXT TypeId="1" IsKey="">0</HELPCONTEXT><FIELDTYPEID TypeId="1" IsKey="">1</FIELDTYPEID><GRIDP TypeId="1" IsKey="">3</GRIDP><KINDID TypeId="1" IsKey="T">321401</KINDID><LABELCFONT TypeId="1" IsKey="">0</LABELCFONT><LABELHEIGHT TypeId="1" IsKey="">0</LABELHEIGHT><LABELLEFT TypeId="1" IsKey="">0</LABELLEFT><LABELTOP TypeId="1" IsKey="">0</LABELTOP><LABELWIDTH TypeId="1" IsKey="">0</LABELWIDTH><REPORTP TypeId="1" IsKey="">0</REPORTP><SELECTCFONT TypeId="1" IsKey=""></SELECTCFONT><SELECTCLABELFONT TypeId="1" IsKey="">0</SELECTCLABELFONT><SELECTGRIDP TypeId="1" IsKey="">0</SELECTGRIDP><SELECTHEIGHT TypeId="1" IsKey="">0</SELECTHEIGHT><SELECTID TypeId="1" IsKey="">0</SELECTID><SELECTLABELHEIGHT TypeId="1" IsKey="">0</SELECTLABELHEIGHT><SELECTLABELLEFT TypeId="1" IsKey="">0</SELECTLABELLEFT><SELECTLABELTOP TypeId="1" IsKey="">0</SELECTLABELTOP><SELECTLABELWIDTH TypeId="1" IsKey="">0</SELECTLABELWIDTH><SELECTLEFT TypeId="1" IsKey="">0</SELECTLEFT><SELECTREPORTP TypeId="1" IsKey="">0</SELECTREPORTP><SELECTSIZE TypeId="1" IsKey="">0</SELECTSIZE><SELECTTOP TypeId="1" IsKey="">0</SELECTTOP><SELECTWIDTH TypeId="1" IsKey="">0</SELECTWIDTH><OMDATA_FROM TypeId="1" IsKey="">1</OMDATA_FROM><OMDATA_SIZE TypeId="1" IsKey="">10</OMDATA_SIZE><PICTURE TypeId="4" IsKey=""></PICTURE><TRUEVALUE TypeId="4" IsKey=""></TRUEVALUE><VISIBLE_RIGHT TypeId="4" IsKey=""></VISIBLE_RIGHT><SELECTLABELFONT TypeId="4" IsKey=""></SELECTLABELFONT><SELECTFIELDDISPLAYLABEL TypeId="4" IsKey=""></SELECTFIELDDISPLAYLABEL><SELECTFIELDNAME TypeId="4" IsKey=""></SELECTFIELDNAME><SELECTFONT TypeId="4" IsKey=""></SELECTFONT><LOOKUP_SQL_1 TypeId="4" IsKey=""></LOOKUP_SQL_1><LOOKUP_SQL_2 TypeId="4" IsKey=""></LOOKUP_SQL_2><LOOKUP_STR_CODE TypeId="4" IsKey=""></LOOKUP_STR_CODE><LOOKUPBYFIELD TypeId="4" IsKey=""></LOOKUPBYFIELD><LOOKUPRESULTBYFIELD TypeId="4" IsKey=""></LOOKUPRESULTBYFIELD><LABELFONT TypeId="4" IsKey=""></LABELFONT><HEBREW_ENABLED TypeId="4" IsKey=""></HEBREW_ENABLED><HELPHEADER TypeId="4" IsKey=""></HELPHEADER><HINT TypeId="4" IsKey=""></HINT><IS_KEY TypeId="4" IsKey=""></IS_KEY><FIELDNAME TypeId="4" IsKey="">SETUP_TIME</FIELDNAME><BEHAVE TypeId="4" IsKey=""></BEHAVE><COLOR_FLD TypeId="4" IsKey=""></COLOR_FLD><DATAFONT TypeId="4" IsKey=""></DATAFONT><DEFAULT_VALUE TypeId="4" IsKey=""></DEFAULT_VALUE><ENABLE_RIGHT TypeId="4" IsKey=""></ENABLE_RIGHT><ENABLEHINT TypeId="4" IsKey=""></ENABLEHINT><FALSEVALUE TypeId="4" IsKey=""></FALSEVALUE><FIELDDISPLAYLABEL TypeId="4" IsKey="">SETUP_TIME</FIELDDISPLAYLABEL></NEW_ROW><NEW_ROW><DATAHEIGHT TypeId="1" IsKey="">0</DATAHEIGHT><DATALEFT TypeId="1" IsKey="">0</DATALEFT><DATATOP TypeId="1" IsKey="">0</DATATOP><DATAWIDTH TypeId="1" IsKey="">118</DATAWIDTH><COLOR_TBL TypeId="1" IsKey="">0</COLOR_TBL><COUNTER_TYPE TypeId="1" IsKey="">0</COUNTER_TYPE><DATACFONT TypeId="1" IsKey="">0</DATACFONT><FIELDID TypeId="1" IsKey="T">2</FIELDID><HELPCONTEXT TypeId="1" IsKey="">0</HELPCONTEXT><FIELDTYPEID TypeId="1" IsKey="">1</FIELDTYPEID><GRIDP TypeId="1" IsKey="">4</GRIDP><KINDID TypeId="1" IsKey="T">321401</KINDID><LABELCFONT TypeId="1" IsKey="">0</LABELCFONT><LABELHEIGHT TypeId="1" IsKey="">0</LABELHEIGHT><LABELLEFT TypeId="1" IsKey="">0</LABELLEFT><LABELTOP TypeId="1" IsKey="">0</LABELTOP><LABELWIDTH TypeId="1" IsKey="">0</LABELWIDTH><REPORTP TypeId="1" IsKey="">0</REPORTP><SELECTCFONT TypeId="1" IsKey=""></SELECTCFONT><SELECTCLABELFONT TypeId="1" IsKey="">0</SELECTCLABELFONT><SELECTGRIDP TypeId="1" IsKey="">0</SELECTGRIDP><SELECTHEIGHT TypeId="1" IsKey="">0</SELECTHEIGHT><SELECTID TypeId="1" IsKey="">0</SELECTID><SELECTLABELHEIGHT TypeId="1" IsKey="">0</SELECTLABELHEIGHT><SELECTLABELLEFT TypeId="1" IsKey="">0</SELECTLABELLEFT><SELECTLABELTOP TypeId="1" IsKey="">0</SELECTLABELTOP><SELECTLABELWIDTH TypeId="1" IsKey="">0</SELECTLABELWIDTH><SELECTLEFT TypeId="1" IsKey="">0</SELECTLEFT><SELECTREPORTP TypeId="1" IsKey="">0</SELECTREPORTP><SELECTSIZE TypeId="1" IsKey="">0</SELECTSIZE><SELECTTOP TypeId="1" IsKey="">0</SELECTTOP><SELECTWIDTH TypeId="1" IsKey="">0</SELECTWIDTH><OMDATA_FROM TypeId="1" IsKey="">11</OMDATA_FROM><OMDATA_SIZE TypeId="1" IsKey="">10</OMDATA_SIZE><PICTURE TypeId="4" IsKey=""></PICTURE><TRUEVALUE TypeId="4" IsKey=""></TRUEVALUE><VISIBLE_RIGHT TypeId="4" IsKey=""></VISIBLE_RIGHT><SELECTLABELFONT TypeId="4" IsKey=""></SELECTLABELFONT><SELECTFIELDDISPLAYLABEL TypeId="4" IsKey=""></SELECTFIELDDISPLAYLABEL><SELECTFIELDNAME TypeId="4" IsKey=""></SELECTFIELDNAME><SELECTFONT TypeId="4" IsKey=""></SELECTFONT><LOOKUP_SQL_1 TypeId="4" IsKey=""></LOOKUP_SQL_1><LOOKUP_SQL_2 TypeId="4" IsKey=""></LOOKUP_SQL_2><LOOKUP_STR_CODE TypeId="4" IsKey=""></LOOKUP_STR_CODE><LOOKUPBYFIELD TypeId="4" IsKey=""></LOOKUPBYFIELD><LOOKUPRESULTBYFIELD TypeId="4" IsKey=""></LOOKUPRESULTBYFIELD><LABELFONT TypeId="4" IsKey=""></LABELFONT><HEBREW_ENABLED TypeId="4" IsKey=""></HEBREW_ENABLED><HELPHEADER TypeId="4" IsKey=""></HELPHEADER><HINT TypeId="4" IsKey=""></HINT><IS_KEY TypeId="4" IsKey=""></IS_KEY><FIELDNAME TypeId="4" IsKey="">UNIT_POURING_TIME</FIELDNAME><BEHAVE TypeId="4" IsKey=""></BEHAVE><COLOR_FLD TypeId="4" IsKey=""></COLOR_FLD><DATAFONT TypeId="4" IsKey=""></DATAFONT><DEFAULT_VALUE TypeId="4" IsKey=""></DEFAULT_VALUE><ENABLE_RIGHT TypeId="4" IsKey=""></ENABLE_RIGHT><ENABLEHINT TypeId="4" IsKey=""></ENABLEHINT><FALSEVALUE TypeId="4" IsKey=""></FALSEVALUE><FIELDDISPLAYLABEL TypeId="4" IsKey="">UNIT_POURING_TIME</FIELDDISPLAYLABEL></NEW_ROW><NEW_ROW><DATAHEIGHT TypeId="1" IsKey="">0</DATAHEIGHT><DATALEFT TypeId="1" IsKey="">0</DATALEFT><DATATOP TypeId="1" IsKey="">0</DATATOP><DATAWIDTH TypeId="1" IsKey="">0</DATAWIDTH><COLOR_TBL TypeId="1" IsKey="">0</COLOR_TBL><COUNTER_TYPE TypeId="1" IsKey="">0</COUNTER_TYPE><DATACFONT TypeId="1" IsKey="">0</DATACFONT><FIELDID TypeId="1" IsKey="T">3</FIELDID><HELPCONTEXT TypeId="1" IsKey="">0</HELPCONTEXT><FIELDTYPEID TypeId="1" IsKey="">30</FIELDTYPEID><GRIDP TypeId="1" IsKey="">5</GRIDP><KINDID TypeId="1" IsKey="T">321401</KINDID><LABELCFONT TypeId="1" IsKey="">0</LABELCFONT><LABELHEIGHT TypeId="1" IsKey="">0</LABELHEIGHT><LABELLEFT TypeId="1" IsKey="">0</LABELLEFT><LABELTOP TypeId="1" IsKey="">0</LABELTOP><LABELWIDTH TypeId="1" IsKey="">0</LABELWIDTH><REPORTP TypeId="1" IsKey="">0</REPORTP><SELECTCFONT TypeId="1" IsKey=""></SELECTCFONT><SELECTCLABELFONT TypeId="1" IsKey="">0</SELECTCLABELFONT><SELECTGRIDP TypeId="1" IsKey="">0</SELECTGRIDP><SELECTHEIGHT TypeId="1" IsKey="">0</SELECTHEIGHT><SELECTID TypeId="1" IsKey="">0</SELECTID><SELECTLABELHEIGHT TypeId="1" IsKey="">0</SELECTLABELHEIGHT><SELECTLABELLEFT TypeId="1" IsKey="">0</SELECTLABELLEFT><SELECTLABELTOP TypeId="1" IsKey="">0</SELECTLABELTOP><SELECTLABELWIDTH TypeId="1" IsKey="">0</SELECTLABELWIDTH><SELECTLEFT TypeId="1" IsKey="">0</SELECTLEFT><SELECTREPORTP TypeId="1" IsKey="">0</SELECTREPORTP><SELECTSIZE TypeId="1" IsKey="">0</SELECTSIZE><SELECTTOP TypeId="1" IsKey="">0</SELECTTOP><SELECTWIDTH TypeId="1" IsKey="">0</SELECTWIDTH><OMDATA_FROM TypeId="1" IsKey="">20</OMDATA_FROM><OMDATA_SIZE TypeId="1" IsKey="">10</OMDATA_SIZE><PICTURE TypeId="4" IsKey=""></PICTURE><TRUEVALUE TypeId="4" IsKey=""></TRUEVALUE><VISIBLE_RIGHT TypeId="4" IsKey=""></VISIBLE_RIGHT><SELECTLABELFONT TypeId="4" IsKey=""></SELECTLABELFONT><SELECTFIELDDISPLAYLABEL TypeId="4" IsKey=""></SELECTFIELDDISPLAYLABEL><SELECTFIELDNAME TypeId="4" IsKey=""></SELECTFIELDNAME><SELECTFONT TypeId="4" IsKey=""></SELECTFONT><LOOKUP_SQL_1 TypeId="4" IsKey=""></LOOKUP_SQL_1><LOOKUP_SQL_2 TypeId="4" IsKey=""></LOOKUP_SQL_2><LOOKUP_STR_CODE TypeId="4" IsKey=""></LOOKUP_STR_CODE><LOOKUPBYFIELD TypeId="4" IsKey=""></LOOKUPBYFIELD><LOOKUPRESULTBYFIELD TypeId="4" IsKey=""></LOOKUPRESULTBYFIELD><LABELFONT TypeId="4" IsKey=""></LABELFONT><HEBREW_ENABLED TypeId="4" IsKey=""></HEBREW_ENABLED><HELPHEADER TypeId="4" IsKey=""></HELPHEADER><HINT TypeId="4" IsKey=""></HINT><IS_KEY TypeId="4" IsKey=""></IS_KEY><FIELDNAME TypeId="4" IsKey="">Color</FIELDNAME><BEHAVE TypeId="4" IsKey=""></BEHAVE><COLOR_FLD TypeId="4" IsKey=""></COLOR_FLD><DATAFONT TypeId="4" IsKey=""></DATAFONT><DEFAULT_VALUE TypeId="4" IsKey=""></DEFAULT_VALUE><ENABLE_RIGHT TypeId="4" IsKey=""></ENABLE_RIGHT><ENABLEHINT TypeId="4" IsKey=""></ENABLEHINT><FALSEVALUE TypeId="4" IsKey=""></FALSEVALUE><FIELDDISPLAYLABEL TypeId="4" IsKey="">צבעים</FIELDDISPLAYLABEL></NEW_ROW></OM_Tbl_92024></OM_Tbl_92023><OM_Tbl_92022 TblName="OM_OBJ_INPUT_DEF"/><OM_Tbl_92021 TblName="OM_OBJECT_TYPES"/><OM_Tbl_92029 TblName="OMVALUES"><NEW_ROW><LINEID TypeId="1" IsKey="T">0</LINEID><TABLEID TypeId="1" IsKey="T">3214</TABLEID><DATA TypeId="4" IsKey="">30        15       32896                                                                                                                                                                                                                                     **</DATA><DESCRIPTION TypeId="4" IsKey="">רגילה</DESCRIPTION></NEW_ROW><NEW_ROW><LINEID TypeId="1" IsKey="T">1</LINEID><TABLEID TypeId="1" IsKey="T">3214</TABLEID><DATA TypeId="4" IsKey="">300       90       16744576                                                                                                                                                                                                                                  **</DATA><DESCRIPTION TypeId="4" IsKey="">מנוף</DESCRIPTION></NEW_ROW><NEW_ROW><LINEID TypeId="1" IsKey="T">2</LINEID><TABLEID TypeId="1" IsKey="T">3214</TABLEID><DATA TypeId="4" IsKey="">420       30       65535                                                                                                                                                                                                                                     **</DATA><DESCRIPTION TypeId="4" IsKey="">מנוף</DESCRIPTION></NEW_ROW><NEW_ROW><LINEID TypeId="1" IsKey="T">3</LINEID><TABLEID TypeId="1" IsKey="T">3214</TABLEID><DATA TypeId="4" IsKey="">**                   16777215                                                                                                                                                                                                                                  **</DATA><DESCRIPTION TypeId="4" IsKey="">שפיכה ישירה</DESCRIPTION></NEW_ROW><NEW_ROW><LINEID TypeId="1" IsKey="T">4</LINEID><TABLEID TypeId="1" IsKey="T">3214</TABLEID><DATA TypeId="4" IsKey="">**                   4227327                                                                                                                                                                                                                                   **</DATA><DESCRIPTION TypeId="4" IsKey="">משאבת מייקו</DESCRIPTION></NEW_ROW><NEW_ROW><LINEID TypeId="1" IsKey="T">5</LINEID><TABLEID TypeId="1" IsKey="T">3214</TABLEID><DATA TypeId="4" IsKey="">**                   65280                                                                                                                                                                                                                                     **</DATA><DESCRIPTION TypeId="4" IsKey="">שפיכה ישירה</DESCRIPTION></NEW_ROW></OM_Tbl_92029><OM_Tbl_92023 TblName="OMKIND"><NEW_ROW><ADDDATAPANELCOLOR TypeId="1" IsKey="">16777215</ADDDATAPANELCOLOR><ADDDATAPANELHEIGHT TypeId="1" IsKey="">150</ADDDATAPANELHEIGHT><ADDDATAPANELLEFT TypeId="1" IsKey="">0</ADDDATAPANELLEFT><ADDDATAPANELTOP TypeId="1" IsKey="">99999</ADDDATAPANELTOP><ADDDATAPANELWIDTH TypeId="1" IsKey="">0</ADDDATAPANELWIDTH><CODECFONT TypeId="1" IsKey="">0</CODECFONT><CODECLABELFONT TypeId="1" IsKey="">0</CODECLABELFONT><CODELABELHEIGHT TypeId="1" IsKey="">21</CODELABELHEIGHT><CODELABELLEFT TypeId="1" IsKey="">10</CODELABELLEFT><CODELABELTOP TypeId="1" IsKey="">10</CODELABELTOP><CODELABELWIDTH TypeId="1" IsKey="">121</CODELABELWIDTH><CODELEFT TypeId="1" IsKey="">141</CODELEFT><CODEREPORTP TypeId="1" IsKey=""></CODEREPORTP><CODETOP TypeId="1" IsKey="">10</CODETOP><CODEWIDTH TypeId="1" IsKey="">121</CODEWIDTH><DESCLABELHEIGHT TypeId="1" IsKey="">121</DESCLABELHEIGHT><DESCLABELLEFT TypeId="1" IsKey="">10</DESCLABELLEFT><DESCLABELTOP TypeId="1" IsKey="">41</DESCLABELTOP><DESCLABELWIDTH TypeId="1" IsKey="">121</DESCLABELWIDTH><DESCRIPTIONCFONT TypeId="1" IsKey="">1</DESCRIPTIONCFONT><DESCRIPTIONCLABELFONT TypeId="1" IsKey="">0</DESCRIPTIONCLABELFONT><CODEGREEDP TypeId="1" IsKey="">1</CODEGREEDP><CODEHANDLING TypeId="1" IsKey=""></CODEHANDLING><CODEHEIGHT TypeId="1" IsKey="">21</CODEHEIGHT><DESCRIPTIONLEFT TypeId="1" IsKey="">141</DESCRIPTIONLEFT><DESCRIPTIONREPORTP TypeId="1" IsKey=""></DESCRIPTIONREPORTP><DESCRIPTIONTOP TypeId="1" IsKey="">41</DESCRIPTIONTOP><DESCRIPTIONWIDTH TypeId="1" IsKey="">121</DESCRIPTIONWIDTH><FORMCOLOR TypeId="1" IsKey="">16777215</FORMCOLOR><FORMHEIGHT TypeId="1" IsKey="">0</FORMHEIGHT><FORMLEFT TypeId="1" IsKey="">0</FORMLEFT><FORMTOP TypeId="1" IsKey="">0</FORMTOP><FORMWIDTH TypeId="1" IsKey="">0</FORMWIDTH><GRD_COLOR_TBL TypeId="1" IsKey="">0</GRD_COLOR_TBL><GRD_PANEL_HEIGHT TypeId="1" IsKey="">0</GRD_PANEL_HEIGHT><GRIDHEIGHT TypeId="1" IsKey="">0</GRIDHEIGHT><GRIDLEFT TypeId="1" IsKey="">0</GRIDLEFT><GRIDTOP TypeId="1" IsKey="">0</GRIDTOP><GRIDWIDTH TypeId="1" IsKey="">0</GRIDWIDTH><DESCRIPTIONGREEDP TypeId="1" IsKey="">2</DESCRIPTIONGREEDP><DESCRIPTIONHEIGHT TypeId="1" IsKey="">21</DESCRIPTIONHEIGHT><HELPCONTEXT TypeId="1" IsKey=""></HELPCONTEXT><KINDID TypeId="1" IsKey="T">321402</KINDID><SELECTMAXIMIZED TypeId="4" IsKey=""></SELECTMAXIMIZED><SORTFIELDNAME TypeId="4" IsKey=""></SORTFIELDNAME><SYSTEM_USER_A TypeId="4" IsKey=""></SYSTEM_USER_A><INDEXNAME TypeId="4" IsKey=""></INDEXNAME><KINDDESCRIPTION TypeId="4" IsKey="">Isnput Type No 321402</KINDDESCRIPTION><DESCRIPTIONLABELFONT TypeId="4" IsKey=""></DESCRIPTIONLABELFONT><HEBREW_ENABLED TypeId="4" IsKey=""></HEBREW_ENABLED><FULLMAXIMIZED TypeId="4" IsKey=""></FULLMAXIMIZED><GRD_COLOR_FLD TypeId="4" IsKey=""></GRD_COLOR_FLD><CODELABELFONT TypeId="4" IsKey=""></CODELABELFONT><DESCRIPTIONFONT TypeId="4" IsKey=""></DESCRIPTIONFONT><CODEFIELDNAME TypeId="4" IsKey=""></CODEFIELDNAME><CODEFONT TypeId="4" IsKey=""></CODEFONT></NEW_ROW><OM_Tbl_92024 TblName="OMKNFLDDEF"><NEW_ROW><DATAHEIGHT TypeId="1" IsKey="">21</DATAHEIGHT><DATALEFT TypeId="1" IsKey="">141</DATALEFT><DATATOP TypeId="1" IsKey="">72</DATATOP><DATAWIDTH TypeId="1" IsKey="">121</DATAWIDTH><COLOR_TBL TypeId="1" IsKey="">0</COLOR_TBL><COUNTER_TYPE TypeId="1" IsKey="">0</COUNTER_TYPE><DATACFONT TypeId="1" IsKey="">1</DATACFONT><FIELDID TypeId="1" IsKey="T">1</FIELDID><HELPCONTEXT TypeId="1" IsKey="">0</HELPCONTEXT><FIELDTYPEID TypeId="1" IsKey="">1</FIELDTYPEID><GRIDP TypeId="1" IsKey="">0</GRIDP><KINDID TypeId="1" IsKey="T">321402</KINDID><LABELCFONT TypeId="1" IsKey="">0</LABELCFONT><LABELHEIGHT TypeId="1" IsKey="">21</LABELHEIGHT><LABELLEFT TypeId="1" IsKey="">10</LABELLEFT><LABELTOP TypeId="1" IsKey="">72</LABELTOP><LABELWIDTH TypeId="1" IsKey="">121</LABELWIDTH><REPORTP TypeId="1" IsKey="">0</REPORTP><SELECTCFONT TypeId="1" IsKey=""></SELECTCFONT><SELECTCLABELFONT TypeId="1" IsKey="">0</SELECTCLABELFONT><SELECTGRIDP TypeId="1" IsKey="">0</SELECTGRIDP><SELECTHEIGHT TypeId="1" IsKey="">0</SELECTHEIGHT><SELECTID TypeId="1" IsKey="">0</SELECTID><SELECTLABELHEIGHT TypeId="1" IsKey="">0</SELECTLABELHEIGHT><SELECTLABELLEFT TypeId="1" IsKey="">0</SELECTLABELLEFT><SELECTLABELTOP TypeId="1" IsKey="">0</SELECTLABELTOP><SELECTLABELWIDTH TypeId="1" IsKey="">0</SELECTLABELWIDTH><SELECTLEFT TypeId="1" IsKey="">0</SELECTLEFT><SELECTREPORTP TypeId="1" IsKey="">0</SELECTREPORTP><SELECTSIZE TypeId="1" IsKey="">0</SELECTSIZE><SELECTTOP TypeId="1" IsKey="">0</SELECTTOP><SELECTWIDTH TypeId="1" IsKey="">0</SELECTWIDTH><OMDATA_FROM TypeId="1" IsKey="">1</OMDATA_FROM><OMDATA_SIZE TypeId="1" IsKey="">10</OMDATA_SIZE><PICTURE TypeId="4" IsKey=""></PICTURE><TRUEVALUE TypeId="4" IsKey=""></TRUEVALUE><VISIBLE_RIGHT TypeId="4" IsKey=""></VISIBLE_RIGHT><SELECTLABELFONT TypeId="4" IsKey=""></SELECTLABELFONT><SELECTFIELDDISPLAYLABEL TypeId="4" IsKey=""></SELECTFIELDDISPLAYLABEL><SELECTFIELDNAME TypeId="4" IsKey=""></SELECTFIELDNAME><SELECTFONT TypeId="4" IsKey=""></SELECTFONT><LOOKUP_SQL_1 TypeId="4" IsKey=""></LOOKUP_SQL_1><LOOKUP_SQL_2 TypeId="4" IsKey=""></LOOKUP_SQL_2><LOOKUP_STR_CODE TypeId="4" IsKey=""></LOOKUP_STR_CODE><LOOKUPBYFIELD TypeId="4" IsKey=""></LOOKUPBYFIELD><LOOKUPRESULTBYFIELD TypeId="4" IsKey=""></LOOKUPRESULTBYFIELD><LABELFONT TypeId="4" IsKey=""></LABELFONT><HEBREW_ENABLED TypeId="4" IsKey=""></HEBREW_ENABLED><HELPHEADER TypeId="4" IsKey=""></HELPHEADER><HINT TypeId="4" IsKey=""></HINT><IS_KEY TypeId="4" IsKey=""></IS_KEY><FIELDNAME TypeId="4" IsKey="">SETUP_TIME</FIELDNAME><BEHAVE TypeId="4" IsKey=""></BEHAVE><COLOR_FLD TypeId="4" IsKey=""></COLOR_FLD><DATAFONT TypeId="4" IsKey=""></DATAFONT><DEFAULT_VALUE TypeId="4" IsKey=""></DEFAULT_VALUE><ENABLE_RIGHT TypeId="4" IsKey=""></ENABLE_RIGHT><ENABLEHINT TypeId="4" IsKey=""></ENABLEHINT><FALSEVALUE TypeId="4" IsKey=""></FALSEVALUE><FIELDDISPLAYLABEL TypeId="4" IsKey="">SETUP_TIME</FIELDDISPLAYLABEL></NEW_ROW><NEW_ROW><DATAHEIGHT TypeId="1" IsKey="">21</DATAHEIGHT><DATALEFT TypeId="1" IsKey="">141</DATALEFT><DATATOP TypeId="1" IsKey="">103</DATATOP><DATAWIDTH TypeId="1" IsKey="">121</DATAWIDTH><COLOR_TBL TypeId="1" IsKey="">0</COLOR_TBL><COUNTER_TYPE TypeId="1" IsKey="">0</COUNTER_TYPE><DATACFONT TypeId="1" IsKey="">1</DATACFONT><FIELDID TypeId="1" IsKey="T">2</FIELDID><HELPCONTEXT TypeId="1" IsKey="">0</HELPCONTEXT><FIELDTYPEID TypeId="1" IsKey="">1</FIELDTYPEID><GRIDP TypeId="1" IsKey="">1</GRIDP><KINDID TypeId="1" IsKey="T">321402</KINDID><LABELCFONT TypeId="1" IsKey="">0</LABELCFONT><LABELHEIGHT TypeId="1" IsKey="">21</LABELHEIGHT><LABELLEFT TypeId="1" IsKey="">10</LABELLEFT><LABELTOP TypeId="1" IsKey="">103</LABELTOP><LABELWIDTH TypeId="1" IsKey="">121</LABELWIDTH><REPORTP TypeId="1" IsKey="">0</REPORTP><SELECTCFONT TypeId="1" IsKey=""></SELECTCFONT><SELECTCLABELFONT TypeId="1" IsKey="">0</SELECTCLABELFONT><SELECTGRIDP TypeId="1" IsKey="">0</SELECTGRIDP><SELECTHEIGHT TypeId="1" IsKey="">0</SELECTHEIGHT><SELECTID TypeId="1" IsKey="">0</SELECTID><SELECTLABELHEIGHT TypeId="1" IsKey="">0</SELECTLABELHEIGHT><SELECTLABELLEFT TypeId="1" IsKey="">0</SELECTLABELLEFT><SELECTLABELTOP TypeId="1" IsKey="">0</SELECTLABELTOP><SELECTLABELWIDTH TypeId="1" IsKey="">0</SELECTLABELWIDTH><SELECTLEFT TypeId="1" IsKey="">0</SELECTLEFT><SELECTREPORTP TypeId="1" IsKey="">0</SELECTREPORTP><SELECTSIZE TypeId="1" IsKey="">0</SELECTSIZE><SELECTTOP TypeId="1" IsKey="">0</SELECTTOP><SELECTWIDTH TypeId="1" IsKey="">0</SELECTWIDTH><OMDATA_FROM TypeId="1" IsKey="">11</OMDATA_FROM><OMDATA_SIZE TypeId="1" IsKey="">10</OMDATA_SIZE><PICTURE TypeId="4" IsKey=""></PICTURE><TRUEVALUE TypeId="4" IsKey=""></TRUEVALUE><VISIBLE_RIGHT TypeId="4" IsKey=""></VISIBLE_RIGHT><SELECTLABELFONT TypeId="4" IsKey=""></SELECTLABELFONT><SELECTFIELDDISPLAYLABEL TypeId="4" IsKey=""></SELECTFIELDDISPLAYLABEL><SELECTFIELDNAME TypeId="4" IsKey=""></SELECTFIELDNAME><SELECTFONT TypeId="4" IsKey=""></SELECTFONT><LOOKUP_SQL_1 TypeId="4" IsKey=""></LOOKUP_SQL_1><LOOKUP_SQL_2 TypeId="4" IsKey=""></LOOKUP_SQL_2><LOOKUP_STR_CODE TypeId="4" IsKey=""></LOOKUP_STR_CODE><LOOKUPBYFIELD TypeId="4" IsKey=""></LOOKUPBYFIELD><LOOKUPRESULTBYFIELD TypeId="4" IsKey=""></LOOKUPRESULTBYFIELD><LABELFONT TypeId="4" IsKey=""></LABELFONT><HEBREW_ENABLED TypeId="4" IsKey=""></HEBREW_ENABLED><HELPHEADER TypeId="4" IsKey=""></HELPHEADER><HINT TypeId="4" IsKey=""></HINT><IS_KEY TypeId="4" IsKey=""></IS_KEY><FIELDNAME TypeId="4" IsKey="">UNIT_POURING_TIME</FIELDNAME><BEHAVE TypeId="4" IsKey=""></BEHAVE><COLOR_FLD TypeId="4" IsKey=""></COLOR_FLD><DATAFONT TypeId="4" IsKey=""></DATAFONT><DEFAULT_VALUE TypeId="4" IsKey=""></DEFAULT_VALUE><ENABLE_RIGHT TypeId="4" IsKey=""></ENABLE_RIGHT><ENABLEHINT TypeId="4" IsKey=""></ENABLEHINT><FALSEVALUE TypeId="4" IsKey=""></FALSEVALUE><FIELDDISPLAYLABEL TypeId="4" IsKey="">UNIT_POURING_TIME</FIELDDISPLAYLABEL></NEW_ROW><NEW_ROW><DATAHEIGHT TypeId="1" IsKey="">21</DATAHEIGHT><DATALEFT TypeId="1" IsKey="">141</DATALEFT><DATATOP TypeId="1" IsKey="">134</DATATOP><DATAWIDTH TypeId="1" IsKey="">121</DATAWIDTH><COLOR_TBL TypeId="1" IsKey="">0</COLOR_TBL><COUNTER_TYPE TypeId="1" IsKey="">0</COUNTER_TYPE><DATACFONT TypeId="1" IsKey="">1</DATACFONT><FIELDID TypeId="1" IsKey="T">3</FIELDID><HELPCONTEXT TypeId="1" IsKey="">0</HELPCONTEXT><FIELDTYPEID TypeId="1" IsKey="">30</FIELDTYPEID><GRIDP TypeId="1" IsKey="">2</GRIDP><KINDID TypeId="1" IsKey="T">321402</KINDID><LABELCFONT TypeId="1" IsKey="">0</LABELCFONT><LABELHEIGHT TypeId="1" IsKey="">21</LABELHEIGHT><LABELLEFT TypeId="1" IsKey="">10</LABELLEFT><LABELTOP TypeId="1" IsKey="">134</LABELTOP><LABELWIDTH TypeId="1" IsKey="">121</LABELWIDTH><REPORTP TypeId="1" IsKey="">0</REPORTP><SELECTCFONT TypeId="1" IsKey=""></SELECTCFONT><SELECTCLABELFONT TypeId="1" IsKey="">0</SELECTCLABELFONT><SELECTGRIDP TypeId="1" IsKey="">0</SELECTGRIDP><SELECTHEIGHT TypeId="1" IsKey="">0</SELECTHEIGHT><SELECTID TypeId="1" IsKey="">0</SELECTID><SELECTLABELHEIGHT TypeId="1" IsKey="">0</SELECTLABELHEIGHT><SELECTLABELLEFT TypeId="1" IsKey="">0</SELECTLABELLEFT><SELECTLABELTOP TypeId="1" IsKey="">0</SELECTLABELTOP><SELECTLABELWIDTH TypeId="1" IsKey="">0</SELECTLABELWIDTH><SELECTLEFT TypeId="1" IsKey="">0</SELECTLEFT><SELECTREPORTP TypeId="1" IsKey="">0</SELECTREPORTP><SELECTSIZE TypeId="1" IsKey="">0</SELECTSIZE><SELECTTOP TypeId="1" IsKey="">0</SELECTTOP><SELECTWIDTH TypeId="1" IsKey="">0</SELECTWIDTH><OMDATA_FROM TypeId="1" IsKey="">20</OMDATA_FROM><OMDATA_SIZE TypeId="1" IsKey="">10</OMDATA_SIZE><PICTURE TypeId="4" IsKey=""></PICTURE><TRUEVALUE TypeId="4" IsKey=""></TRUEVALUE><VISIBLE_RIGHT TypeId="4" IsKey=""></VISIBLE_RIGHT><SELECTLABELFONT TypeId="4" IsKey=""></SELECTLABELFONT><SELECTFIELDDISPLAYLABEL TypeId="4" IsKey=""></SELECTFIELDDISPLAYLABEL><SELECTFIELDNAME TypeId="4" IsKey=""></SELECTFIELDNAME><SELECTFONT TypeId="4" IsKey=""></SELECTFONT><LOOKUP_SQL_1 TypeId="4" IsKey=""></LOOKUP_SQL_1><LOOKUP_SQL_2 TypeId="4" IsKey=""></LOOKUP_SQL_2><LOOKUP_STR_CODE TypeId="4" IsKey=""></LOOKUP_STR_CODE><LOOKUPBYFIELD TypeId="4" IsKey=""></LOOKUPBYFIELD><LOOKUPRESULTBYFIELD TypeId="4" IsKey=""></LOOKUPRESULTBYFIELD><LABELFONT TypeId="4" IsKey=""></LABELFONT><HEBREW_ENABLED TypeId="4" IsKey=""></HEBREW_ENABLED><HELPHEADER TypeId="4" IsKey=""></HELPHEADER><HINT TypeId="4" IsKey=""></HINT><IS_KEY TypeId="4" IsKey=""></IS_KEY><FIELDNAME TypeId="4" IsKey="">Color</FIELDNAME><BEHAVE TypeId="4" IsKey=""></BEHAVE><COLOR_FLD TypeId="4" IsKey=""></COLOR_FLD><DATAFONT TypeId="4" IsKey=""></DATAFONT><DEFAULT_VALUE TypeId="4" IsKey=""></DEFAULT_VALUE><ENABLE_RIGHT TypeId="4" IsKey=""></ENABLE_RIGHT><ENABLEHINT TypeId="4" IsKey=""></ENABLEHINT><FALSEVALUE TypeId="4" IsKey=""></FALSEVALUE><FIELDDISPLAYLABEL TypeId="4" IsKey="">צבעים</FIELDDISPLAYLABEL></NEW_ROW></OM_Tbl_92024></OM_Tbl_92023><OM_Tbl_92030 TblName="OM_TBL_PARAM"/></OM_Tbl_92020></BMGDb>
